source,series,ticker,event_ticker,title,yes_bid,yes_ask,last_price,volume,open_interest,close_time,status,scraped_at
Kalshi,KXPGAROUNDSCORE,KXPGAROUNDSCORE-BAOUC26R1-TFIN69,KXPGAROUNDSCORE-BAOUC26R1,Will Tony Finau shoot under 69.5 in Round 1?,0.5200,0.6000,0.6000,1071.20,1071.20,2026-10-17T02:00:00Z,active,2026-10-01T07:23:22.285113+00:00
Kalshi,KXPGAROUNDSCORE,KXPGAROUNDSCORE-BAOUC26R1-RHOE68,KXPGAROUNDSCORE-BAOUC26R1,Will Rico Hoey shoot under 68.5 in Round 1?,0.5400,0.5600,0.5600,2912.70,2912.70,2026-10-17T02:00:00Z,active,2026-10-01T07:23:22.285132+00:00
Kalshi,KXPGAROUNDSCORE,KXPGAROUNDSCORE-BAOUC26R1-NTAY68,KXPGAROUNDSCORE-BAOUC26R1,Will Nick Taylor shoot under 68.5 in Round 1?,0.4800,0.5300,0.5300,1169.52,1169.52,2026-10-17T02:00:00Z,active,2026-10-01T07:23:22.285137+00:00
Kalshi,KXPGAROUNDSCORE,KXPGAROUNDSCORE-BAOUC26R1-MPEN68,KXPGAROUNDSCORE-BAOUC26R1,Will Marco Penge shoot under 68.5 in Round 1?,0.5300,0.5700,0.5700,421.58,420.58,2026-10-17T02:00:00Z,active,2026-10-01T07:23:22.285139+00:00
Kalshi,KXPGAROUNDSCORE,KXPGAROUNDSCORE-BAOUC26R1-MMCN68,KXPGAROUNDSCORE-BAOUC26R1,Will Maverick McNealy shoot under 68.5 in Round 1?,0.5900,0.6100,0.6100,414.05,414.05,2026-10-17T02:00:00Z,active,2026-10-01T07:23:22.285142+00:00
Kalshi,KXPGAROUNDSCORE,KXPGAROUNDSCORE-BAOUC26R1-MHOM68,KXPGAROUNDSCORE-BAOUC26R1,Will Max Homa shoot under 68.5 in Round 1?,0.4800,0.5300,0.5300,964.00,964.00,2026-10-17T02:00:00Z,active,2026-10-01T07:23:22.285145+00:00
Kalshi,KXPGAROUNDSCORE,KXPGAROUNDSCORE-BAOUC26R1-MBRE68,KXPGAROUNDSCORE-BAOUC26R1,Will Michael Brennan shoot under 68.5 in Round 1?,0.5900,0.6300,0.6200,439.27,439.27,2026-10-17T02:00:00Z,active,2026-10-01T07:23:22.285147+00:00
Kalshi,KXPGAROUNDSCORE,KXPGAROUNDSCORE-BAOUC26R1-JSUB68,KXPGAROUNDSCORE-BAOUC26R1,Will Jackson Suber shoot under 68.5 in Round 1?,0.5700,0.6000,0.6100,2511.90,2511.90,2026-10-17T02:00:00Z,active,2026-10-01T07:23:22.285150+00:00
Kalshi,KXPGAROUNDSCORE,KXPGAROUNDSCORE-BAOUC26R1-JKOI67,KXPGAROUNDSCORE-BAOUC26R1,Will Jackson Koivun shoot under 67.5 in Round 1?,0.5300,0.5500,0.5500,12870.90,12870.90,2026-10-17T02:00:00Z,active,2026-10-01T07:23:22.285152+00:00
Kalshi,KXPGAROUNDSCORE,KXPGAROUNDSCORE-BAOUC26R1-HLI68,KXPGAROUNDSCORE-BAOUC26R1,Will Hao-Tong Li shoot under 68.5 in Round 1?,0.4400,0.5400,0.5400,575.00,575.00,2026-10-17T02:00:00Z,active,2026-10-01T07:23:22.285155+00:00
Kalshi,KXPGAROUNDSCORE,KXPGAROUNDSCORE-BAOUC26R1-ECOL69,KXPGAROUNDSCORE-BAOUC26R1,Will Eric Cole shoot under 69.5 in Round 1?,0.6200,0.6700,0.6700,400.00,400.00,2026-10-17T02:00:00Z,active,2026-10-01T07:23:22.285157+00:00
Kalshi,KXPGAROUNDSCORE,KXPGAROUNDSCORE-BAOUC26R1-BJAM67,KXPGAROUNDSCORE-BAOUC26R1,Will Benjamin James shoot under 67.5 in Round 1?,0.4900,0.5000,0.4900,4750.96,3933.10,2026-10-17T02:00:00Z,active,2026-10-01T07:23:22.285160+00:00
